Group;Element;Description;GLIO Adres;Value type (1-BIT,2-INT,3-FLOAT);min;max;Value unity;iq coef (by default 1.0.15) ;Value
;;;;;;;;;
MOTOR DATA_D23;I(A);The current of the motor in each of the three phases;65;3;;;A;1;2,2
MOTOR DATA_D23;I(%);Operating current in each of the three phases as a percentage of motor FLA;66;2;;;%;;70
MOTOR DATA_D23;VOLT;The voltage in each of the three phases;67;2;;;V;;1500
MOTOR DATA_D23;FREQ;The line frequency;68;2;;;Hz;;50
MOTOR DATA_D23;COSP;The motor power factor;69;3;;;;;1
MAIN&PROTECT_D23;RATED LINE VOLTAGE;HRVS-DN-PowerStart's rate voltage;129;2;2300;15000;V;;3300
MAIN&PROTECT_D23;STARTER FLC;HRVS-DN-PowerStart's FLC (Full Load Current);130;2;20;1800;A;;150
MAIN&PROTECT_D23;MOTOR FLA;Sets motor's FLA(Full load Ampere);131;2;0;1800;A;;150
